Workbook

Sheet 2026_Analysis
A3: Pincodes | B3: January | C3: February | D3: March | E3: April | F3: Grand Total | G3: Mode | H3: Count_Blanks
A4: 110007 | B4: 0 | C4: 0 | D4: 0 | E4: 3 | F4: 3 | G4: =MODE(B4:E4) -> 0 | H4: =COUNTIF(B4:E4,"0") -> 3
A5: 110010 | B5: 3 | C5: 0 | D5: 0 | E5: 1 | F5: 4 | G5: =MODE(B5:E5) -> 0 | H5: =COUNTIF(B5:E5,"0") -> 2
A6: 110013 | B6: 0 | C6: 0 | D6: 1 | E6: 0 | F6: 1 | G6: =MODE(B6:E6) -> 0 | H6: =COUNTIF(B6:E6,"0") -> 3
A7: 110015 | B7: 0 | C7: 1 | D7: 0 | E7: 0 | F7: 1 | G7: =MODE(B7:E7) -> 0 | H7: =COUNTIF(B7:E7,"0") -> 3
A8: 110017 | B8: 1 | C8: 0 | D8: 0 | E8: 0 | F8: 1 | G8: =MODE(B8:E8) -> 0 | H8: =COUNTIF(B8:E8,"0") -> 3
A9: 110019 | B9: 0 | C9: 0 | D9: 1 | E9: 1 | F9: 2 | G9: =MODE(B9:E9) -> 0 | H9: =COUNTIF(B9:E9,"0") -> 2
A10: 110022 | B10: 0 | C10: 0 | D10: 0 | E10: 1 | F10: 1 | G10: =MODE(B10:E10) -> 0 | H10: =COUNTIF(B10:E10,"0") -> 3
A11: 110024 | B11: 0 | C11: 0 | D11: 0 | E11: 2 | F11: 2 | G11: =MODE(B11:E11) -> 0 | H11: =COUNTIF(B11:E11,"0") -> 3
A12: 110025 | B12: 0 | C12: 2 | D12: 0 | E12: 0 | F12: 2 | G12: =MODE(B12:E12) -> 0 | H12: =COUNTIF(B12:E12,"0") -> 3
A13: 110027 | B13: 3 | C13: 0 | D13: 0 | E13: 0 | F13: 3 | G13: =MODE(B13:E13) -> 0 | H13: =COUNTIF(B13:E13,"0") -> 3
A14: 110029 | B14: 1 | C14: 1 | D14: 2 | E14: 1 | F14: 5 | G14: =MODE(B14:E14) -> 1 | H14: =COUNTIF(B14:E14,"0") -> 0
A15: 110030 | B15: 0 | C15: 0 | D15: 1 | E15: 0 | F15: 1 | G15: =MODE(B15:E15) -> 0 | H15: =COUNTIF(B15:E15,"0") -> 3
... A441: 847302 | B441: 1 | C441: 0 | D441: 0 | E441: 0 | F441: 1 | G441: =MODE(B441:E441) -> 0 | H441: =COUNTIF(B441:E441,"0") -> 3

Sheet Ptoducts_postal_codes
A1: product-name | B1: ship-postal-code | C1: Total Orders
A2: FZYEZY Freeze Dried Amla Powder for Kids and Adults | B2: 400053 | C2: 1
A3: FZYEZY Freeze Dried Amla Powder for Kids and Adults | B3: 400067 | C3: 1
A4: FZYEZY Freeze Dried Amla Powder for Kids and Adults | B4: 400601 | C4: 1
A5: FZYEZY Freeze Dried Amla Powder for Kids and Adults | B5: 711204 | C5: 2
A6: FZYEZY Freeze Dried Amla Vegetable Powder For Kids & Adults | B6: 411027 | C6: 1
A7: FZYEZY Freeze Dried Amla Vegetable Powder For Kids & Adults | B7: 624005 | C7: 1
A8: FZYEZY Freeze Dried Amla Vegetable Powder For Kids & Adults | B8: 673021 | C8: 1
A9: FzyEzy Freeze Dried Amla Vegetable Powder for Kids and Adults | B9: 110017 | C9: 1
A10: FzyEzy Freeze Dried Amla Vegetable Powder for Kids and Adults | B10: 401202 | C10: 1
A11: FZYEZY Freeze Dried Apple Slices for Kids and Adults | B11: 560071 | C11: 1
A12: FzyEzy Freeze Dried Beetroot Vegetable Powder for Kids and Adults | B12: 110017 | C12: 1
A13: FzyEzy Freeze Dried Beetroot Vegetable Powder for Kids and Adults | B13: 144522 | C13: 1
... A1986: Oxynxt Freeze-dried Prickly Pear Powder Sachets - 10 Count | B1986: 627601 | C1986: 2

Sheet Products_Clusters_2
A1: product-name | B1: Price | C1: Quantity (in Grams) | D1: Total Orders | E1: total_revenue | F1: Running_total | G1: cummulative_% | H1: Projected_ratings | I1: cluster
A2: FZYEZY Natural Freeze Dried Mango Fruit for Kids and Adults | B2: 115 | C2: 20 | D2: 1 | E2: 115 | F2: 115 | G2: 3.3992889e-06 | H2: 1497 | I2: 2
A3: FzyEzy Freeze-Dried Jain Kadhi Khichdi - | B3: 150 | C3: 48 | D3: 1 | E3: 150 | F3: 265 | G3: 7.833144e-06 | H3: 1435 | I3: 2
A4: Hamps Heamwalt Protein Healthy Powder Mix whey Protein | B4: 185 | C4: 200 | D4: 1 | E4: 185 | F4: 450 | G4: 1.3301565e-05 | H4: 1552 | I4: 2
A5: FZYEZY Natural Freeze Dried Custard Apple Powder For Kids & Adults | B5: 195 | C5: 50 | D5: 1 | E5: 195 | F5: 645 | G5: 1.9065577e-05 | H5: 2377 | I5: 2
A6: FZYEZY Natural Freeze Dried Black Jamun Cubes for Kids and Adults | B6: 200 | C6: 40 | D6: 1 | E6: 200 | F6: 845 | G6: 2.4977384e-05 | H6: 2842 | I6: 2
A7: FZYEZY Natural Freeze-dried Strawberry Fruit for Kids and Adults- | B7: 217 | C7: 28 | D7: 1 | E7: 217 | F7: 1062 | G7: 3.1391694e-05 | H7: 2677 | I7: 2
A8: FZYEZY Natural Freeze Dried Pineapple Powder For Kids & Adults | B8: 220 | C8: 50 | D8: 1 | E8: 220 | F8: 1282 | G8: 3.7894681e-05 | H8: 2842 | I8: 2
A9: FzyEzy Freeze-Dried Pav Bhaji - Authentic Mumbai Street Style | B9: 320 | C9: 130 | D9: 1 | E9: 320 | F9: 1602 | G9: 4.7353572e-05 | H9: 690 | I9: 2
A10: FZYEZY Freeze Dried Black Jamun& Custard Apple for Kids and Adults | B10: 360 | C10: 100 | D10: 1 | E10: 360 | F10: 1962 | G10: 5.7994825e-05 | H10: 750 | I10: 2
A11: FZYEZY Natural Freeze Mango Powder for Kids and Adults | B11: 380 | C11: 100 | D11: 1 | E11: 380 | F11: 2342 | G11: 6.9227257e-05 | H11: 750 | I11: 2
A12: FzyEzy Healthy Premium Freeze Dried Apple Fruit Powder | B12: 440 | C12: 100 | D12: 1 | E12: 440 | F12: 2782 | G12: 8.2233232e-05 | H12: 750 | I12: 2
A13: FzyEzy Healthy Premium Freeze-Dried Pomegranate Kernels | B13: 440 | C13: 100 | D13: 1 | E13: 440 | F13: 3222 | G13: 9.5239207e-05 | H13: 750 | I13: 2
... A65: Hamps Bio OXYNXT Gold Sachet | B65: 19141 | C65: 160 | D65: 20 | E65: 382820 | F65: 6109335 | G65: 0.18058604 | H65: 736 | I65: 2

Sheet Postal_Codes_Product_Matrix_2
A2: Product_Name | B2: 560066 | C2: 560061 | D2: 201301
A3: FZYEZY Natural Freeze Dried Mango Fruit for Kids and Adults | B3: =COUNTIFS(Ptoducts_postal_codes!$A$2:$A$1986,Postal_Codes_Product_Matrix_2!$A3,Ptoducts_postal_codes!$B$2:$B$1986,Postal_Codes_Product_Matrix_2!B$2) -> 0 | C3: =COUNTIFS(Ptoducts_postal_codes!$A$2:$A$1986,Postal_Codes_Product_Matrix_2!$A3,Ptoducts_postal_codes!$B$2:$B$1986,Postal_Codes_Product_Matrix_2!C$2) -> 0 | D3: =COUNTIFS(Ptoducts_postal_codes!$A$2:$A$1986,Postal_Codes_Product_Matrix_2!$A3,Ptoducts_postal_codes!$B$2:$B$1986,Postal_Codes_Product_Matrix_2!D$2) -> 0
A4: FzyEzy Freeze-Dried Jain Kadhi Khichdi - | B4: =COUNTIFS(Ptoducts_postal_codes!$A$2:$A$1986,Postal_Codes_Product_Matrix_2!$A4,Ptoducts_postal_codes!$B$2:$B$1986,Postal_Codes_Product_Matrix_2!B$2) -> 0 | C4: =COUNTIFS(Ptoducts_postal_codes!$A$2:$A$1986,Postal_Codes_Product_Matrix_2!$A4,Ptoducts_postal_codes!$B$2:$B$1986,Postal_Codes_Product_Matrix_2!C$2) -> 0 | D4: =COUNTIFS(Ptoducts_postal_codes!$A$2:$A$1986,Postal_Codes_Product_Matrix_2!$A4,Ptoducts_postal_codes!$B$2:$B$1986,Postal_Codes_Product_Matrix_2!D$2) -> 0
A5: Hamps Heamwalt Protein Healthy Powder Mix whey Protein | B5: =COUNTIFS(Ptoducts_postal_codes!$A$2:$A$1986,Postal_Codes_Product_Matrix_2!$A5,Ptoducts_postal_codes!$B$2:$B$1986,Postal_Codes_Product_Matrix_2!B$2) -> 0 | C5: =COUNTIFS(Ptoducts_postal_codes!$A$2:$A$1986,Postal_Codes_Product_Matrix_2!$A5,Ptoducts_postal_codes!$B$2:$B$1986,Postal_Codes_Product_Matrix_2!C$2) -> 0 | D5: =COUNTIFS(Ptoducts_postal_codes!$A$2:$A$1986,Postal_Codes_Product_Matrix_2!$A5,Ptoducts_postal_codes!$B$2:$B$1986,Postal_Codes_Product_Matrix_2!D$2) -> 0
A6: FZYEZY Natural Freeze Dried Custard Apple Powder For Kids & Adults | B6: =COUNTIFS(Ptoducts_postal_codes!$A$2:$A$1986,Postal_Codes_Product_Matrix_2!$A6,Ptoducts_postal_codes!$B$2:$B$1986,Postal_Codes_Product_Matrix_2!B$2) -> 0 | C6: =COUNTIFS(Ptoducts_postal_codes!$A$2:$A$1986,Postal_Codes_Product_Matrix_2!$A6,Ptoducts_postal_codes!$B$2:$B$1986,Postal_Codes_Product_Matrix_2!C$2) -> 0 | D6: =COUNTIFS(Ptoducts_postal_codes!$A$2:$A$1986,Postal_Codes_Product_Matrix_2!$A6,Ptoducts_postal_codes!$B$2:$B$1986,Postal_Codes_Product_Matrix_2!D$2) -> 0
A7: FZYEZY Natural Freeze Dried Black Jamun Cubes for Kids and Adults | B7: =COUNTIFS(Ptoducts_postal_codes!$A$2:$A$1986,Postal_Codes_Product_Matrix_2!$A7,Ptoducts_postal_codes!$B$2:$B$1986,Postal_Codes_Product_Matrix_2!B$2) -> 0 | C7: =COUNTIFS(Ptoducts_postal_codes!$A$2:$A$1986,Postal_Codes_Product_Matrix_2!$A7,Ptoducts_postal_codes!$B$2:$B$1986,Postal_Codes_Product_Matrix_2!C$2) -> 0 | D7: =COUNTIFS(Ptoducts_postal_codes!$A$2:$A$1986,Postal_Codes_Product_Matrix_2!$A7,Ptoducts_postal_codes!$B$2:$B$1986,Postal_Codes_Product_Matrix_2!D$2) -> 0
A8: FZYEZY Natural Freeze-dried Strawberry Fruit for Kids and Adults- | B8: =COUNTIFS(Ptoducts_postal_codes!$A$2:$A$1986,Postal_Codes_Product_Matrix_2!$A8,Ptoducts_postal_codes!$B$2:$B$1986,Postal_Codes_Product_Matrix_2!B$2) -> 0 | C8: =COUNTIFS(Ptoducts_postal_codes!$A$2:$A$1986,Postal_Codes_Product_Matrix_2!$A8,Ptoducts_postal_codes!$B$2:$B$1986,Postal_Codes_Product_Matrix_2!C$2) -> 0 | D8: =COUNTIFS(Ptoducts_postal_codes!$A$2:$A$1986,Postal_Codes_Product_Matrix_2!$A8,Ptoducts_postal_codes!$B$2:$B$1986,Postal_Codes_Product_Matrix_2!D$2) -> 0
A9: FZYEZY Natural Freeze Dried Pineapple Powder For Kids & Adults | B9: =COUNTIFS(Ptoducts_postal_codes!$A$2:$A$1986,Postal_Codes_Product_Matrix_2!$A9,Ptoducts_postal_codes!$B$2:$B$1986,Postal_Codes_Product_Matrix_2!B$2) -> 0 | C9: =COUNTIFS(Ptoducts_postal_codes!$A$2:$A$1986,Postal_Codes_Product_Matrix_2!$A9,Ptoducts_postal_codes!$B$2:$B$1986,Postal_Codes_Product_Matrix_2!C$2) -> 0 | D9: =COUNTIFS(Ptoducts_postal_codes!$A$2:$A$1986,Postal_Codes_Product_Matrix_2!$A9,Ptoducts_postal_codes!$B$2:$B$1986,Postal_Codes_Product_Matrix_2!D$2) -> 0
A10: FzyEzy Freeze-Dried Pav Bhaji - Authentic Mumbai Street Style | B10: =COUNTIFS(Ptoducts_postal_codes!$A$2:$A$1986,Postal_Codes_Product_Matrix_2!$A10,Ptoducts_postal_codes!$B$2:$B$1986,Postal_Codes_Product_Matrix_2!B$2) -> 0 | C10: =COUNTIFS(Ptoducts_postal_codes!$A$2:$A$1986,Postal_Codes_Product_Matrix_2!$A10,Ptoducts_postal_codes!$B$2:$B$1986,Postal_Codes_Product_Matrix_2!C$2) -> 0 | D10: =COUNTIFS(Ptoducts_postal_codes!$A$2:$A$1986,Postal_Codes_Product_Matrix_2!$A10,Ptoducts_postal_codes!$B$2:$B$1986,Postal_Codes_Product_Matrix_2!D$2) -> 0
A11: FZYEZY Freeze Dried Black Jamun& Custard Apple for Kids and Adults | B11: =COUNTIFS(Ptoducts_postal_codes!$A$2:$A$1986,Postal_Codes_Product_Matrix_2!$A11,Ptoducts_postal_codes!$B$2:$B$1986,Postal_Codes_Product_Matrix_2!B$2) -> 0 | C11: =COUNTIFS(Ptoducts_postal_codes!$A$2:$A$1986,Postal_Codes_Product_Matrix_2!$A11,Ptoducts_postal_codes!$B$2:$B$1986,Postal_Codes_Product_Matrix_2!C$2) -> 0 | D11: =COUNTIFS(Ptoducts_postal_codes!$A$2:$A$1986,Postal_Codes_Product_Matrix_2!$A11,Ptoducts_postal_codes!$B$2:$B$1986,Postal_Codes_Product_Matrix_2!D$2) -> 0
A12: FZYEZY Natural Freeze Mango Powder for Kids and Adults | B12: =COUNTIFS(Ptoducts_postal_codes!$A$2:$A$1986,Postal_Codes_Product_Matrix_2!$A12,Ptoducts_postal_codes!$B$2:$B$1986,Postal_Codes_Product_Matrix_2!B$2) -> 0 | C12: =COUNTIFS(Ptoducts_postal_codes!$A$2:$A$1986,Postal_Codes_Product_Matrix_2!$A12,Ptoducts_postal_codes!$B$2:$B$1986,Postal_Codes_Product_Matrix_2!C$2) -> 0 | D12: =COUNTIFS(Ptoducts_postal_codes!$A$2:$A$1986,Postal_Codes_Product_Matrix_2!$A12,Ptoducts_postal_codes!$B$2:$B$1986,Postal_Codes_Product_Matrix_2!D$2) -> 0
A13: FzyEzy Healthy Premium Freeze Dried Apple Fruit Powder | B13: =COUNTIFS(Ptoducts_postal_codes!$A$2:$A$1986,Postal_Codes_Product_Matrix_2!$A13,Ptoducts_postal_codes!$B$2:$B$1986,Postal_Codes_Product_Matrix_2!B$2) -> 0 | C13: =COUNTIFS(Ptoducts_postal_codes!$A$2:$A$1986,Postal_Codes_Product_Matrix_2!$A13,Ptoducts_postal_codes!$B$2:$B$1986,Postal_Codes_Product_Matrix_2!C$2) -> 0 | D13: =COUNTIFS(Ptoducts_postal_codes!$A$2:$A$1986,Postal_Codes_Product_Matrix_2!$A13,Ptoducts_postal_codes!$B$2:$B$1986,Postal_Codes_Product_Matrix_2!D$2) -> 0
A14: FzyEzy Healthy Premium Freeze-Dried Pomegranate Kernels | B14: =COUNTIFS(Ptoducts_postal_codes!$A$2:$A$1986,Postal_Codes_Product_Matrix_2!$A14,Ptoducts_postal_codes!$B$2:$B$1986,Postal_Codes_Product_Matrix_2!B$2) -> 0 | C14: =COUNTIFS(Ptoducts_postal_codes!$A$2:$A$1986,Postal_Codes_Product_Matrix_2!$A14,Ptoducts_postal_codes!$B$2:$B$1986,Postal_Codes_Product_Matrix_2!C$2) -> 0 | D14: =COUNTIFS(Ptoducts_postal_codes!$A$2:$A$1986,Postal_Codes_Product_Matrix_2!$A14,Ptoducts_postal_codes!$B$2:$B$1986,Postal_Codes_Product_Matrix_2!D$2) -> 0
... A66: Hamps Bio OXYNXT Gold Sachet | B66: =COUNTIFS(Ptoducts_postal_codes!$A$2:$A$1986,Postal_Codes_Product_Matrix_2!$A66,Ptoducts_postal_codes!$B$2:$B$1986,Postal_Codes_Product_Matrix_2!B$2) -> 0 | C66: =COUNTIFS(Ptoducts_postal_codes!$A$2:$A$1986,Postal_Codes_Product_Matrix_2!$A66,Ptoducts_postal_codes!$B$2:$B$1986,Postal_Codes_Product_Matrix_2!C$2) -> 0 | D66: =COUNTIFS(Ptoducts_postal_codes!$A$2:$A$1986,Postal_Codes_Product_Matrix_2!$A66,Ptoducts_postal_codes!$B$2:$B$1986,Postal_Codes_Product_Matrix_2!D$2) -> 1
B67: =SUM(B3:B66) -> 2 | C67: =SUM(C3:C66) -> 0 | D67: =SUM(D3:D66) -> 6

Sheet Products_Cluster_0_1
A1: product-name | B1: Price | C1: Quantity (in Grams) | D1: Total Orders | E1: Running_total | F1: Projected_ratings | G1: Projected_revenue | H1: cluster
A2: Hamps Heamwalt Healthy Powder Mix whey Protein | B2: 499 | C2: 1800 | D2: 1 | E2: 499 | F2: 516 | G2: 257484 | H2: 0
A3: FZYEZY Natural Freeze Dried Mango Powder for Kids and Adults | B3: 4850 | C3: 800 | D3: 4 | E3: 132914 | F3: 650 | G3: 3152500 | H3: 0
A4: FzyEzy Healthy Premium Freeze-Dried Pineapple Fruit Slices | B4: 5966 | C4: 1000 | D4: 41 | E4: 172127 | F4: 516 | G4: 3078456 | H4: 0
A5: FzyEzy Premium Natural Wheatgrass Powder | B5: 1673 | C5: 1589 | D5: 7 | E5: 6494 | F5: 516 | G5: 863268 | H5: 0
A6: Heamwalt - Whey Protein, Vitamins, Minerals & DHA Powder | B6: 1683 | C6: 3000 | D6: 6 | E6: 8177 | F6: 516 | G6: 868428 | H6: 0
A7: FZYEZY Natural Freeze Dried Pineapple Slices for Kids and Adults | B7: 2740 | C7: 680 | D7: 5 | E7: 44110 | F7: 1057 | G7: 2896180 | H7: 0
A8: FzyEzy Healthy Natural Premium Freeze Dried Strawberry Fruit Powder for Kids and Adults | B8: 2640 | C8: 600 | D8: 11 | E8: 41370 | F8: 1057 | G8: 2790480 | H8: 0
A9: FzyEzy Healthy Dried Fruits Candy/Chips/Slices | B9: 4123 | C9: 792 | D9: 36 | E9: 80099 | F9: 650 | G9: 2679950 | H9: 0
A10: FZYEZY Freeze Dried Custard Apple Fruit Powder for Kids and Adults | B10: 2320 | C10: 600 | D10: 3 | E10: 31368 | F10: 1057 | G10: 2452240 | H10: 0
A11: FzyEzy Freeze-Dried Spinach Powder | B11: 2306 | C11: 650 | D11: 11 | E11: 29048 | F11: 1057 | G11: 2437442 | H11: 0
A12: FzyEzy Healthy Natural Premium Freeze Dried Chikoo(sapota) Fruit Powder for Kids and Adults | B12: 4449 | C12: 1000 | D12: 16 | E12: 114352 | F12: 516 | G12: 2295684 | H12: 0
A13: FzyEzy Natural Freeze Dried Pink Guava Powder for Kids and Adults | B13: 3489 | C13: 800 | D13: 15 | E13: 56647 | F13: 650 | G13: 2267850 | H13: 0
... A87: FzyEzy Freeze-Dried Dragon Fruit Powder - 100% Natural, Non-GMO, Vegan, Gluten-Free Superfruit | B87: 39237 | C87: 6810 | D87: 30 | E87: 681001 | F87: 516 | G87: 20246292 | H87: 0

Sheet Postal_Codes_products_Matri_0_1
A1: Product_Name | B1: 560066 | C1: 560061 | D1: 201301
A2: Hamps Heamwalt Healthy Powder Mix whey Protein | B2: =COUNTIFS(Ptoducts_postal_codes!$A$2:$A$1986,Postal_Codes_products_Matri_0_1!$A2,Ptoducts_postal_codes!$B$2:$B$1986,Postal_Codes_products_Matri_0_1!B$1) -> 0 | C2: =COUNTIFS(Ptoducts_postal_codes!$A$2:$A$1986,Postal_Codes_products_Matri_0_1!$A2,Ptoducts_postal_codes!$B$2:$B$1986,Postal_Codes_products_Matri_0_1!C$1) -> 0 | D2: =COUNTIFS(Ptoducts_postal_codes!$A$2:$A$1986,Postal_Codes_products_Matri_0_1!$A2,Ptoducts_postal_codes!$B$2:$B$1986,Postal_Codes_products_Matri_0_1!D$1) -> 0
A3: FzyEzy Freeze-Dried Moong Dal Sheera | B3: =COUNTIFS(Ptoducts_postal_codes!$A$2:$A$1986,Postal_Codes_products_Matri_0_1!$A3,Ptoducts_postal_codes!$B$2:$B$1986,Postal_Codes_products_Matri_0_1!B$1) -> 0 | C3: =COUNTIFS(Ptoducts_postal_codes!$A$2:$A$1986,Postal_Codes_products_Matri_0_1!$A3,Ptoducts_postal_codes!$B$2:$B$1986,Postal_Codes_products_Matri_0_1!C$1) -> 0 | D3: =COUNTIFS(Ptoducts_postal_codes!$A$2:$A$1986,Postal_Codes_products_Matri_0_1!$A3,Ptoducts_postal_codes!$B$2:$B$1986,Postal_Codes_products_Matri_0_1!D$1) -> 0
A4: Oxynxt Freeze-dried Beet Powder Sachets-10 Count | B4: =COUNTIFS(Ptoducts_postal_codes!$A$2:$A$1986,Postal_Codes_products_Matri_0_1!$A4,Ptoducts_postal_codes!$B$2:$B$1986,Postal_Codes_products_Matri_0_1!B$1) -> 0 | C4: =COUNTIFS(Ptoducts_postal_codes!$A$2:$A$1986,Postal_Codes_products_Matri_0_1!$A4,Ptoducts_postal_codes!$B$2:$B$1986,Postal_Codes_products_Matri_0_1!C$1) -> 0 | D4: =COUNTIFS(Ptoducts_postal_codes!$A$2:$A$1986,Postal_Codes_products_Matri_0_1!$A4,Ptoducts_postal_codes!$B$2:$B$1986,Postal_Codes_products_Matri_0_1!D$1) -> 0
A5: FZYEZY Freeze Dried Mango Powder & Banana for Kids and Adults | B5: =COUNTIFS(Ptoducts_postal_codes!$A$2:$A$1986,Postal_Codes_products_Matri_0_1!$A5,Ptoducts_postal_codes!$B$2:$B$1986,Postal_Codes_products_Matri_0_1!B$1) -> 0 | C5: =COUNTIFS(Ptoducts_postal_codes!$A$2:$A$1986,Postal_Codes_products_Matri_0_1!$A5,Ptoducts_postal_codes!$B$2:$B$1986,Postal_Codes_products_Matri_0_1!C$1) -> 0 | D5: =COUNTIFS(Ptoducts_postal_codes!$A$2:$A$1986,Postal_Codes_products_Matri_0_1!$A5,Ptoducts_postal_codes!$B$2:$B$1986,Postal_Codes_products_Matri_0_1!D$1) -> 0
A6: FzyEzy Freeze Dried Gajar Ka Halwa | B6: =COUNTIFS(Ptoducts_postal_codes!$A$2:$A$1986,Postal_Codes_products_Matri_0_1!$A6,Ptoducts_postal_codes!$B$2:$B$1986,Postal_Codes_products_Matri_0_1!B$1) -> 0 | C6: =COUNTIFS(Ptoducts_postal_codes!$A$2:$A$1986,Postal_Codes_products_Matri_0_1!$A6,Ptoducts_postal_codes!$B$2:$B$1986,Postal_Codes_products_Matri_0_1!C$1) -> 0 | D6: =COUNTIFS(Ptoducts_postal_codes!$A$2:$A$1986,Postal_Codes_products_Matri_0_1!$A6,Ptoducts_postal_codes!$B$2:$B$1986,Postal_Codes_products_Matri_0_1!D$1) -> 0
A7: FzyEzy Premium Natural Wheatgrass Powder | B7: =COUNTIFS(Ptoducts_postal_codes!$A$2:$A$1986,Postal_Codes_products_Matri_0_1!$A7,Ptoducts_postal_codes!$B$2:$B$1986,Postal_Codes_products_Matri_0_1!B$1) -> 0 | C7: =COUNTIFS(Ptoducts_postal_codes!$A$2:$A$1986,Postal_Codes_products_Matri_0_1!$A7,Ptoducts_postal_codes!$B$2:$B$1986,Postal_Codes_products_Matri_0_1!C$1) -> 0 | D7: =COUNTIFS(Ptoducts_postal_codes!$A$2:$A$1986,Postal_Codes_products_Matri_0_1!$A7,Ptoducts_postal_codes!$B$2:$B$1986,Postal_Codes_products_Matri_0_1!D$1) -> 0
A8: Heamwalt - Whey Protein, Vitamins, Minerals & DHA Powder | B8: =COUNTIFS(Ptoducts_postal_codes!$A$2:$A$1986,Postal_Codes_products_Matri_0_1!$A8,Ptoducts_postal_codes!$B$2:$B$1986,Postal_Codes_products_Matri_0_1!B$1) -> 0 | C8: =COUNTIFS(Ptoducts_postal_codes!$A$2:$A$1986,Postal_Codes_products_Matri_0_1!$A8,Ptoducts_postal_codes!$B$2:$B$1986,Postal_Codes_products_Matri_0_1!C$1) -> 0 | D8: =COUNTIFS(Ptoducts_postal_codes!$A$2:$A$1986,Postal_Codes_products_Matri_0_1!$A8,Ptoducts_postal_codes!$B$2:$B$1986,Postal_Codes_products_Matri_0_1!D$1) -> 0
A9: FzyEzy Freeze-Dried Gajar Ka Halwa | B9: =COUNTIFS(Ptoducts_postal_codes!$A$2:$A$1986,Postal_Codes_products_Matri_0_1!$A9,Ptoducts_postal_codes!$B$2:$B$1986,Postal_Codes_products_Matri_0_1!B$1) -> 0 | C9: =COUNTIFS(Ptoducts_postal_codes!$A$2:$A$1986,Postal_Codes_products_Matri_0_1!$A9,Ptoducts_postal_codes!$B$2:$B$1986,Postal_Codes_products_Matri_0_1!C$1) -> 0 | D9: =COUNTIFS(Ptoducts_postal_codes!$A$2:$A$1986,Postal_Codes_products_Matri_0_1!$A9,Ptoducts_postal_codes!$B$2:$B$1986,Postal_Codes_products_Matri_0_1!D$1) -> 0
A10: FzyEzy Freeze-Dried Veg. Makhanwala | B10: =COUNTIFS(Ptoducts_postal_codes!$A$2:$A$1986,Postal_Codes_products_Matri_0_1!$A10,Ptoducts_postal_codes!$B$2:$B$1986,Postal_Codes_products_Matri_0_1!B$1) -> 0 | C10: =COUNTIFS(Ptoducts_postal_codes!$A$2:$A$1986,Postal_Codes_products_Matri_0_1!$A10,Ptoducts_postal_codes!$B$2:$B$1986,Postal_Codes_products_Matri_0_1!C$1) -> 0 | D10: =COUNTIFS(Ptoducts_postal_codes!$A$2:$A$1986,Postal_Codes_products_Matri_0_1!$A10,Ptoducts_postal_codes!$B$2:$B$1986,Postal_Codes_products_Matri_0_1!D$1) -> 0
A11: FzyEzy Freeze-Dried Chikoo (Sapota) Powder - 100% Natural, Non-GMO, Vegan, Gluten-Free Fruit Powder | B11: =COUNTIFS(Ptoducts_postal_codes!$A$2:$A$1986,Postal_Codes_products_Matri_0_1!$A11,Ptoducts_postal_codes!$B$2:$B$1986,Postal_Codes_products_Matri_0_1!B$1) -> 0 | C11: =COUNTIFS(Ptoducts_postal_codes!$A$2:$A$1986,Postal_Codes_products_Matri_0_1!$A11,Ptoducts_postal_codes!$B$2:$B$1986,Postal_Codes_products_Matri_0_1!C$1) -> 0 | D11: =COUNTIFS(Ptoducts_postal_codes!$A$2:$A$1986,Postal_Codes_products_Matri_0_1!$A11,Ptoducts_postal_codes!$B$2:$B$1986,Postal_Codes_products_Matri_0_1!D$1) -> 0
A12: FzyEzy Freeze-Dried Jain Paneer Butter Masala | B12: =COUNTIFS(Ptoducts_postal_codes!$A$2:$A$1986,Postal_Codes_products_Matri_0_1!$A12,Ptoducts_postal_codes!$B$2:$B$1986,Postal_Codes_products_Matri_0_1!B$1) -> 0 | C12: =COUNTIFS(Ptoducts_postal_codes!$A$2:$A$1986,Postal_Codes_products_Matri_0_1!$A12,Ptoducts_postal_codes!$B$2:$B$1986,Postal_Codes_products_Matri_0_1!C$1) -> 0 | D12: =COUNTIFS(Ptoducts_postal_codes!$A$2:$A$1986,Postal_Codes_products_Matri_0_1!$A12,Ptoducts_postal_codes!$B$2:$B$1986,Postal_Codes_products_Matri_0_1!D$1) -> 0
A13: FzyEzy Freeze-Dried Jain Kadhi Khichdi | B13: =COUNTIFS(Ptoducts_postal_codes!$A$2:$A$1986,Postal_Codes_products_Matri_0_1!$A13,Ptoducts_postal_codes!$B$2:$B$1986,Postal_Codes_products_Matri_0_1!B$1) -> 0 | C13: =COUNTIFS(Ptoducts_postal_codes!$A$2:$A$1986,Postal_Codes_products_Matri_0_1!$A13,Ptoducts_postal_codes!$B$2:$B$1986,Postal_Codes_products_Matri_0_1!C$1) -> 0 | D13: =COUNTIFS(Ptoducts_postal_codes!$A$2:$A$1986,Postal_Codes_products_Matri_0_1!$A13,Ptoducts_postal_codes!$B$2:$B$1986,Postal_Codes_products_Matri_0_1!D$1) -> 0
... A80: FZYEZY Freeze Dried Blueberry Fruit Powder For Kids And Adults | B80: =COUNTIFS(Ptoducts_postal_codes!$A$2:$A$1986,Postal_Codes_products_Matri_0_1!$A80,Ptoducts_postal_codes!$B$2:$B$1986,Postal_Codes_products_Matri_0_1!B$1) -> 0 | C80: =COUNTIFS(Ptoducts_postal_codes!$A$2:$A$1986,Postal_Codes_products_Matri_0_1!$A80,Ptoducts_postal_codes!$B$2:$B$1986,Postal_Codes_products_Matri_0_1!C$1) -> 0 | D80: =COUNTIFS(Ptoducts_postal_codes!$A$2:$A$1986,Postal_Codes_products_Matri_0_1!$A80,Ptoducts_postal_codes!$B$2:$B$1986,Postal_Codes_products_Matri_0_1!D$1) -> 0
B81: =SUM(B2:B80) -> 4 | C81: =SUM(C2:C80) -> 4 | D81: =SUM(D2:D80) -> 9

Sheet Postal_Codes_Product_Matrix_0
A2: Products | B2: 560066 | C2: 560061 | D2: 201301
A3: FzyEzy Healthy Premium Freeze-Dried Pineapple Fruit Slices | B3: =COUNTIFS(Ptoducts_postal_codes!$A$2:$A$1986,Postal_Codes_Product_Matrix_0!$A3,Ptoducts_postal_codes!$B$2:$B$1986,Postal_Codes_Product_Matrix_0!B$2) -> 0 | C3: =COUNTIFS(Ptoducts_postal_codes!$A$2:$A$1986,Postal_Codes_Product_Matrix_0!$A3,Ptoducts_postal_codes!$B$2:$B$1986,Postal_Codes_Product_Matrix_0!C$2) -> 0 | D3: =COUNTIFS(Ptoducts_postal_codes!$A$2:$A$1986,Postal_Codes_Product_Matrix_0!$A3,Ptoducts_postal_codes!$B$2:$B$1986,Postal_Codes_Product_Matrix_0!D$2) -> 0
A4: FzyEzy Healthy Dried Fruits Candy/Chips/Slices | B4: =COUNTIFS(Ptoducts_postal_codes!$A$2:$A$1986,Postal_Codes_Product_Matrix_0!$A4,Ptoducts_postal_codes!$B$2:$B$1986,Postal_Codes_Product_Matrix_0!B$2) -> 0 | C4: =COUNTIFS(Ptoducts_postal_codes!$A$2:$A$1986,Postal_Codes_Product_Matrix_0!$A4,Ptoducts_postal_codes!$B$2:$B$1986,Postal_Codes_Product_Matrix_0!C$2) -> 0 | D4: =COUNTIFS(Ptoducts_postal_codes!$A$2:$A$1986,Postal_Codes_Product_Matrix_0!$A4,Ptoducts_postal_codes!$B$2:$B$1986,Postal_Codes_Product_Matrix_0!D$2) -> 0
A5: FZYEZY Natural Freeze Dried Fruit for Kids and Adults | B5: =COUNTIFS(Ptoducts_postal_codes!$A$2:$A$1986,Postal_Codes_Product_Matrix_0!$A5,Ptoducts_postal_codes!$B$2:$B$1986,Postal_Codes_Product_Matrix_0!B$2) -> 0 | C5: =COUNTIFS(Ptoducts_postal_codes!$A$2:$A$1986,Postal_Codes_Product_Matrix_0!$A5,Ptoducts_postal_codes!$B$2:$B$1986,Postal_Codes_Product_Matrix_0!C$2) -> 0 | D5: =COUNTIFS(Ptoducts_postal_codes!$A$2:$A$1986,Postal_Codes_Product_Matrix_0!$A5,Ptoducts_postal_codes!$B$2:$B$1986,Postal_Codes_Product_Matrix_0!D$2) -> 0
A6: FzyEzy Freeze-Dried Apple Powder - 100% Natural, Non-GMO, Vegan, Gluten-Free Fruit Powder | B6: =COUNTIFS(Ptoducts_postal_codes!$A$2:$A$1986,Postal_Codes_Product_Matrix_0!$A6,Ptoducts_postal_codes!$B$2:$B$1986,Postal_Codes_Product_Matrix_0!B$2) -> 0 | C6: =COUNTIFS(Ptoducts_postal_codes!$A$2:$A$1986,Postal_Codes_Product_Matrix_0!$A6,Ptoducts_postal_codes!$B$2:$B$1986,Postal_Codes_Product_Matrix_0!C$2) -> 0 | D6: =COUNTIFS(Ptoducts_postal_codes!$A$2:$A$1986,Postal_Codes_Product_Matrix_0!$A6,Ptoducts_postal_codes!$B$2:$B$1986,Postal_Codes_Product_Matrix_0!D$2) -> 0
A7: FzyEzy Freeze Dried Ginger Vegetable Powder for Kids and Adults | B7: =COUNTIFS(Ptoducts_postal_codes!$A$2:$A$1986,Postal_Codes_Product_Matrix_0!$A7,Ptoducts_postal_codes!$B$2:$B$1986,Postal_Codes_Product_Matrix_0!B$2) -> 0 | C7: =COUNTIFS(Ptoducts_postal_codes!$A$2:$A$1986,Postal_Codes_Product_Matrix_0!$A7,Ptoducts_postal_codes!$B$2:$B$1986,Postal_Codes_Product_Matrix_0!C$2) -> 0 | D7: =COUNTIFS(Ptoducts_postal_codes!$A$2:$A$1986,Postal_Codes_Product_Matrix_0!$A7,Ptoducts_postal_codes!$B$2:$B$1986,Postal_Codes_Product_Matrix_0!D$2) -> 0
A8: FzyEzy Healthy Natural Premium Freeze Dried Chikoo(sapota) Fruit Powder for Kids and Adults | B8: =COUNTIFS(Ptoducts_postal_codes!$A$2:$A$1986,Postal_Codes_Product_Matrix_0!$A8,Ptoducts_postal_codes!$B$2:$B$1986,Postal_Codes_Product_Matrix_0!B$2) -> 0 | C8: =COUNTIFS(Ptoducts_postal_codes!$A$2:$A$1986,Postal_Codes_Product_Matrix_0!$A8,Ptoducts_postal_codes!$B$2:$B$1986,Postal_Codes_Product_Matrix_0!C$2) -> 0 | D8: =COUNTIFS(Ptoducts_postal_codes!$A$2:$A$1986,Postal_Codes_Product_Matrix_0!$A8,Ptoducts_postal_codes!$B$2:$B$1986,Postal_Codes_Product_Matrix_0!D$2) -> 0
A9: FzyEzy Healthy Premium Freeze-dried Banana Fruit Powder | B9: =COUNTIFS(Ptoducts_postal_codes!$A$2:$A$1986,Postal_Codes_Product_Matrix_0!$A9,Ptoducts_postal_codes!$B$2:$B$1986,Postal_Codes_Product_Matrix_0!B$2) -> 0 | C9: =COUNTIFS(Ptoducts_postal_codes!$A$2:$A$1986,Postal_Codes_Product_Matrix_0!$A9,Ptoducts_postal_codes!$B$2:$B$1986,Postal_Codes_Product_Matrix_0!C$2) -> 0 | D9: =COUNTIFS(Ptoducts_postal_codes!$A$2:$A$1986,Postal_Codes_Product_Matrix_0!$A9,Ptoducts_postal_codes!$B$2:$B$1986,Postal_Codes_Product_Matrix_0!D$2) -> 0
A10: FzyEzy Natural Freeze Dried Pink Guava Powder for Kids and Adults | B10: =COUNTIFS(Ptoducts_postal_codes!$A$2:$A$1986,Postal_Codes_Product_Matrix_0!$A10,Ptoducts_postal_codes!$B$2:$B$1986,Postal_Codes_Product_Matrix_0!B$2) -> 0 | C10: =COUNTIFS(Ptoducts_postal_codes!$A$2:$A$1986,Postal_Codes_Product_Matrix_0!$A10,Ptoducts_postal_codes!$B$2:$B$1986,Postal_Codes_Product_Matrix_0!C$2) -> 0 | D10: =COUNTIFS(Ptoducts_postal_codes!$A$2:$A$1986,Postal_Codes_Product_Matrix_0!$A10,Ptoducts_postal_codes!$B$2:$B$1986,Postal_Codes_Product_Matrix_0!D$2) -> 0
A11: FzyEzy Freeze-Dried Spinach Powder | B11: =COUNTIFS(Ptoducts_postal_codes!$A$2:$A$1986,Postal_Codes_Product_Matrix_0!$A11,Ptoducts_postal_codes!$B$2:$B$1986,Postal_Codes_Product_Matrix_0!B$2) -> 0 | C11: =COUNTIFS(Ptoducts_postal_codes!$A$2:$A$1986,Postal_Codes_Product_Matrix_0!$A11,Ptoducts_postal_codes!$B$2:$B$1986,Postal_Codes_Product_Matrix_0!C$2) -> 0 | D11: =COUNTIFS(Ptoducts_postal_codes!$A$2:$A$1986,Postal_Codes_Product_Matrix_0!$A11,Ptoducts_postal_codes!$B$2:$B$1986,Postal_Codes_Product_Matrix_0!D$2) -> 0
A12: FzyEzy Healthy Natural Premium Freeze Dried Strawberry Fruit Powder for Kids and Adults | B12: =COUNTIFS(Ptoducts_postal_codes!$A$2:$A$1986,Postal_Codes_Product_Matrix_0!$A12,Ptoducts_postal_codes!$B$2:$B$1986,Postal_Codes_Product_Matrix_0!B$2) -> 0 | C12: =COUNTIFS(Ptoducts_postal_codes!$A$2:$A$1986,Postal_Codes_Product_Matrix_0!$A12,Ptoducts_postal_codes!$B$2:$B$1986,Postal_Codes_Product_Matrix_0!C$2) -> 0 | D12: =COUNTIFS(Ptoducts_postal_codes!$A$2:$A$1986,Postal_Codes_Product_Matrix_0!$A12,Ptoducts_postal_codes!$B$2:$B$1986,Postal_Codes_Product_Matrix_0!D$2) -> 0
A13: FzyEzy Freeze-Dried Jain Kadhi Khichdi | B13: =COUNTIFS(Ptoducts_postal_codes!$A$2:$A$1986,Postal_Codes_Product_Matrix_0!$A13,Ptoducts_postal_codes!$B$2:$B$1986,Postal_Codes_Product_Matrix_0!B$2) -> 0 | C13: =COUNTIFS(Ptoducts_postal_codes!$A$2:$A$1986,Postal_Codes_Product_Matrix_0!$A13,Ptoducts_postal_codes!$B$2:$B$1986,Postal_Codes_Product_Matrix_0!C$2) -> 0 | D13: =COUNTIFS(Ptoducts_postal_codes!$A$2:$A$1986,Postal_Codes_Product_Matrix_0!$A13,Ptoducts_postal_codes!$B$2:$B$1986,Postal_Codes_Product_Matrix_0!D$2) -> 0
A14: FzyEzy Freeze-Dried Jain Paneer Bhurji | B14: =COUNTIFS(Ptoducts_postal_codes!$A$2:$A$1986,Postal_Codes_Product_Matrix_0!$A14,Ptoducts_postal_codes!$B$2:$B$1986,Postal_Codes_Product_Matrix_0!B$2) -> 0 | C14: =COUNTIFS(Ptoducts_postal_codes!$A$2:$A$1986,Postal_Codes_Product_Matrix_0!$A14,Ptoducts_postal_codes!$B$2:$B$1986,Postal_Codes_Product_Matrix_0!C$2) -> 0 | D14: =COUNTIFS(Ptoducts_postal_codes!$A$2:$A$1986,Postal_Codes_Product_Matrix_0!$A14,Ptoducts_postal_codes!$B$2:$B$1986,Postal_Codes_Product_Matrix_0!D$2) -> 0
... A33: FZYEZY Freeze Dried Mango Powder & Banana for Kids and Adults | B33: =COUNTIFS(Ptoducts_postal_codes!$A$2:$A$1986,Postal_Codes_Product_Matrix_0!$A33,Ptoducts_postal_codes!$B$2:$B$1986,Postal_Codes_Product_Matrix_0!B$2) -> 0 | C33: =COUNTIFS(Ptoducts_postal_codes!$A$2:$A$1986,Postal_Codes_Product_Matrix_0!$A33,Ptoducts_postal_codes!$B$2:$B$1986,Postal_Codes_Product_Matrix_0!C$2) -> 0 | D33: =COUNTIFS(Ptoducts_postal_codes!$A$2:$A$1986,Postal_Codes_Product_Matrix_0!$A33,Ptoducts_postal_codes!$B$2:$B$1986,Postal_Codes_Product_Matrix_0!D$2) -> 0
B34: =SUM(B3:B33) -> 0 | C34: =SUM(C3:C33) -> 0 | D34: =SUM(D3:D33) -> 1

Sheet Products_cluster_0
A1: product-name | B1: Price | C1: Quantity (in Grams) | D1: Total Orders | E1: total_revenue | F1: Running_total | G1: cummulative_% | H1: Projected_ratings | I1: Projected_revenue | J1: cluster
A2: FzyEzy Healthy Premium Freeze-Dried Pineapple Fruit Slices | B2: 5966 | C2: 1000 | D2: 41 | E2: 244606 | F2: 3706281 | G2: 0.10955409 | H2: 516 | I2: 3078456 | J2: 0
A3: FzyEzy Healthy Dried Fruits Candy/Chips/Slices | B3: 4123 | C3: 792 | D3: 36 | E3: 148428 | F3: 2564388 | G3: 0.075800832 | H3: 650 | I3: 2679950 | J3: 0
A4: FZYEZY Natural Freeze Dried Fruit for Kids and Adults | B4: 4542 | C4: 866 | D4: 32 | E4: 145344 | F4: 2415960 | G4: 0.071413444 | H4: 319 | I4: 1448898 | J4: 0
A5: FzyEzy Freeze-Dried Apple Powder - 100% Natural, Non-GMO, Vegan, Gluten-Free Fruit Powder | B5: 4171 | C5: 900 | D5: 17 | E5: 70907 | F5: 1441574 | G5: 0.042611535 | H5: 319 | I5: 1330549 | J5: 0
A6: FzyEzy Freeze Dried Ginger Vegetable Powder for Kids and Adults | B6: 2550 | C6: 850 | D6: 16 | E6: 40800 | F6: 904133 | G6: 0.026725298 | H6: 319 | I6: 813450 | J6: 0
A7: FzyEzy Healthy Natural Premium Freeze Dried Chikoo(sapota) Fruit Powder for Kids and Adults | B7: 4449 | C7: 1000 | D7: 16 | E7: 71184 | F7: 1583798 | G7: 0.046815539 | H7: 516 | I7: 2295684 | J7: 0
A8: FzyEzy Healthy Premium Freeze-dried Banana Fruit Powder | B8: 2463 | C8: 750 | D8: 15 | E8: 36945 | F8: 863333 | G8: 0.025519289 | H8: 650 | I8: 1600950 | J8: 0
A9: FzyEzy Natural Freeze Dried Pink Guava Powder for Kids and Adults | B9: 3489 | C9: 800 | D9: 15 | E9: 52335 | F9: 1186195 | G9: 0.035062778 | H9: 650 | I9: 2267850 | J9: 0
A10: FzyEzy Freeze-Dried Spinach Powder | B10: 2306 | C10: 650 | D10: 11 | E10: 25366 | F10: 579339 | G10: 0.017124701 | H10: 1057 | I10: 2437442 | J10: 0
A11: FzyEzy Healthy Natural Premium Freeze Dried Strawberry Fruit Powder for Kids and Adults | B11: 2640 | C11: 600 | D11: 11 | E11: 29040 | F11: 690803 | G11: 0.020419469 | H11: 1057 | I11: 2790480 | J11: 0
A12: FzyEzy Freeze-Dried Jain Kadhi Khichdi | B12: 2100 | C12: 672 | D12: 10 | E12: 21000 | F12: 433869 | G12: 0.012824748 | H12: 1057 | I12: 2219700 | J12: 0
A13: FzyEzy Freeze-Dried Jain Paneer Bhurji | B13: 2200 | C13: 770 | D13: 8 | E13: 17600 | F13: 374229 | G13: 0.011061848 | H13: 650 | I13: 1430000 | J13: 0
... A32: FZYEZY Freeze Dried Mango Powder & Banana for Kids and Adults | B32: 1140 | C32: 600 | D32: 2 | E32: 2280 | F32: 39551 | G32: 0.0011690893 | H32: 1057 | I32: 1204980 | J32: 0

Sheet Focus_pincodes_products
G5: Pincodes | H5: Area / City | I5: State | J5: District
G6: 560066 | H6: Whitefield | I6: Karnataka | J6: Bengaluru Urban
G7: 560061 | H7: Subramanyapura / Chikkalasandra | I7: Karnataka | J7: Bengaluru Urban
G8: 201301 | H8: Noida | I8: Uttar Pradesh | J8: Gautam Buddha Nagar
G12: product-name | H12: Price | I12: Quantity (in Grams) | J12: Total Orders | K12: Projected_ratings | L12: Projected_revenue
G13: FzyEzy Freeze Dried Gajar Ka Halwa | H13: 1250 | I13: 600 | J13: 3 | K13: 1057 | L13: =K13*H13 -> 1321250
G14: FZYEZY Freeze Dried Mango Powder & Banana for Kids and Adults | H14: 1140 | I14: 600 | J14: 2 | K14: 1057 | L14: =K14*H14 -> 1204980
G15: Oxynxt Freeze-dried Beet Powder Sachets-10 Count | H15: 1032 | I15: 560 | J15: 3 | K15: 1057 | L15: =K15*H15 -> 1090824
G16: FzyEzy Freeze-Dried Moong Dal Sheera | H16: 900 | I16: 900 | J16: 5 | K16: 319 | L16: =K16*H16 -> 287100

Sheet 2026
A1: Month_Name | B1: ship-postal-code | C1: Avearge Order Value | D1: Total Orders
A2: March | B2: 110013 | C2: 950 | D2: 1
A3: March | B3: 110019 | C3: 950 | D3: 1
A4: March | B4: 110029 | C4: 775 | D4: 2
A5: March | B5: 110030 | C5: 1200 | D5: 1
A6: March | B6: 110067 | C6: 999 | D6: 1
A7: March | B7: 110074 | C7: 979 | D7: 2
A8: March | B8: 110091 | C8: 240 | D8: 1
A9: March | B9: 122018 | C9: 373 | D9: 3
A10: March | B10: 122107 | C10: 1700 | D10: 1
A11: March | B11: 124001 | C11: 120 | D11: 1
A12: March | B12: 144001 | C12: 210 | D12: 1
A13: March | B13: 160059 | C13: 1299 | D13: 1
... A517: April | B517: 831011 | C517: 950 | D517: 1

Sheet 2025_Analysis
A4: Pincodes | B4: January | C4: February | D4: March | E4: April | F4: May | G4: June | H4: July | I4: August | J4: September | K4: October | L4: December | M4: Grand Total | N4: Mode | O4: Count_blanks
A5: 110003 | B5: 0 | C5: 0 | D5: 0 | E5: 0 | F5: 0 | G5: 0 | H5: 0 | I5: 1 | J5: 0 | K5: 0 | L5: 0 | M5: 1 | N5: =MODE(B5:L5) -> 0 | O5: =COUNTIF(B5:L5,"0") -> 10
A6: 110007 | B6: 0 | C6: 0 | D6: 0 | E6: 0 | F6: 0 | G6: 0 | H6: 1 | I6: 0 | J6: 0 | K6: 0 | L6: 0 | M6: 1 | N6: =MODE(B6:L6) -> 0 | O6: =COUNTIF(B6:L6,"0") -> 10
A7: 110008 | B7: 0 | C7: 0 | D7: 0 | E7: 1 | F7: 0 | G7: 0 | H7: 0 | I7: 0 | J7: 0 | K7: 0 | L7: 0 | M7: 1 | N7: =MODE(B7:L7) -> 0 | O7: =COUNTIF(B7:L7,"0") -> 10
A8: 110014 | B8: 0 | C8: 0 | D8: 0 | E8: 0 | F8: 0 | G8: 0 | H8: 0 | I8: 1 | J8: 0 | K8: 0 | L8: 0 | M8: 1 | N8: =MODE(B8:L8) -> 0 | O8: =COUNTIF(B8:L8,"0") -> 10
A9: 110016 | B9: 0 | C9: 0 | D9: 0 | E9: 0 | F9: 0 | G9: 1 | H9: 0 | I9: 0 | J9: 0 | K9: 0 | L9: 0 | M9: 1 | N9: =MODE(B9:L9) -> 0 | O9: =COUNTIF(B9:L9,"0") -> 10
A10: 110017 | B10: 0 | C10: 0 | D10: 0 | E10: 0 | F10: 0 | G10: 1 | H10: 0 | I10: 0 | J10: 0 | K10: 0 | L10: 0 | M10: 1 | N10: =MODE(B10:L10) -> 0 | O10: =COUNTIF(B10:L10,"0") -> 10
A11: 110019 | B11: 0 | C11: 0 | D11: 0 | E11: 0 | F11: 0 | G11: 0 | H11: 2 | I11: 1 | J11: 1 | K11: 0 | L11: 0 | M11: 4 | N11: =MODE(B11:L11) -> 0 | O11: =COUNTIF(B11:L11,"0") -> 8
A12: 110023 | B12: 0 | C12: 0 | D12: 0 | E12: 0 | F12: 0 | G12: 0 | H12: 0 | I12: 1 | J12: 0 | K12: 0 | L12: 0 | M12: 1 | N12: =MODE(B12:L12) -> 0 | O12: =COUNTIF(B12:L12,"0") -> 10
A13: 110025 | B13: 0 | C13: 0 | D13: 0 | E13: 0 | F13: 3 | G13: 0 | H13: 0 | I13: 0 | J13: 0 | K13: 0 | L13: 0 | M13: 3 | N13: =MODE(B13:L13) -> 0 | O13: =COUNTIF(B13:L13,"0") -> 10
A14: 110027 | B14: 0 | C14: 0 | D14: 0 | E14: 0 | F14: 0 | G14: 1 | H14: 0 | I14: 0 | J14: 0 | K14: 0 | L14: 0 | M14: 1 | N14: =MODE(B14:L14) -> 0 | O14: =COUNTIF(B14:L14,"0") -> 10
A15: 110029 | B15: 0 | C15: 0 | D15: 0 | E15: 0 | F15: 0 | G15: 0 | H15: 3 | I15: 1 | J15: 1 | K15: 1 | L15: 0 | M15: 6 | N15: =MODE(B15:L15) -> 0 | O15: =COUNTIF(B15:L15,"0") -> 7
A16: 110047 | B16: 0 | C16: 0 | D16: 0 | E16: 0 | F16: 0 | G16: 1 | H16: 0 | I16: 0 | J16: 0 | K16: 0 | L16: 0 | M16: 1 | N16: =MODE(B16:L16) -> 0 | O16: =COUNTIF(B16:L16,"0") -> 10
... A589: 852201 | B589: 1 | C589: 0 | D589: 0 | E589: 0 | F589: 0 | G589: 0 | H589: 0 | I589: 0 | J589: 0 | K589: 0 | L589: 0 | M589: 1 | N589: =MODE(B589:L589) -> 0 | O589: =COUNTIF(B589:L589,"0") -> 10

Sheet 2025
A1: Month_Name | B1: ship-postal-code | C1: Avearge Order Value | D1: Total Orders
A2: September | B2: 110019 | C2: 240 | D2: 1
A3: September | B3: 110029 | C3: 220 | D3: 1
A4: September | B4: 110075 | C4: 247.58333 | D4: 12
A5: September | B5: 110085 | C5: 249 | D5: 1
A6: September | B6: 110092 | C6: 240 | D6: 1
A7: September | B7: 110096 | C7: 240 | D7: 1
A8: September | B8: 121004 | C8: 640 | D8: 1
A9: September | B9: 122002 | C9: 738 | D9: 7
A10: September | B10: 134114 | C10: 240 | D10: 1
A11: September | B11: 190025 | C11: 340 | D11: 1
A12: September | B12: 201301 | C12: 720 | D12: 3
A13: September | B13: 201304 | C13: 575 | D13: 1
... A786: April | B786: 827004 | C786: 135 | D786: 2

Sheet 2024_Analysis
A4: Pincodes | B4: May | C4: June | D4: July | E4: August | F4: September | G4: October | H4: November | I4: December | J4: Grand Total | K4: Mode | L4: Count_blanks
A5: 110006 | B5: 0 | C5: 0 | D5: 0 | E5: 0 | F5: 1 | G5: 0 | H5: 0 | I5: 0 | J5: 1 | K5: =MODE(B5:I5) -> 0 | L5: =COUNTIF(B5:I5,"0") -> 7
A6: 110007 | B6: 0 | C6: 0 | D6: 0 | E6: 1 | F6: 0 | G6: 0 | H6: 0 | I6: 0 | J6: 1 | K6: =MODE(B6:I6) -> 0 | L6: =COUNTIF(B6:I6,"0") -> 7
A7: 110013 | B7: 0 | C7: 0 | D7: 0 | E7: 1 | F7: 0 | G7: 0 | H7: 0 | I7: 0 | J7: 1 | K7: =MODE(B7:I7) -> 0 | L7: =COUNTIF(B7:I7,"0") -> 7
A8: 110014 | B8: 1 | C8: 0 | D8: 0 | E8: 0 | F8: 0 | G8: 0 | H8: 0 | I8: 0 | J8: 1 | K8: =MODE(B8:I8) -> 0 | L8: =COUNTIF(B8:I8,"0") -> 7
A9: 110016 | B9: 0 | C9: 0 | D9: 0 | E9: 0 | F9: 0 | G9: 0 | H9: 1 | I9: 0 | J9: 1 | K9: =MODE(B9:I9) -> 0 | L9: =COUNTIF(B9:I9,"0") -> 7
A10: 110017 | B10: 0 | C10: 2 | D10: 0 | E10: 0 | F10: 0 | G10: 0 | H10: 1 | I10: 0 | J10: 3 | K10: =MODE(B10:I10) -> 0 | L10: =COUNTIF(B10:I10,"0") -> 6
A11: 110019 | B11: 0 | C11: 0 | D11: 0 | E11: 1 | F11: 0 | G11: 0 | H11: 0 | I11: 0 | J11: 1 | K11: =MODE(B11:I11) -> 0 | L11: =COUNTIF(B11:I11,"0") -> 7
A12: 110022 | B12: 0 | C12: 0 | D12: 1 | E12: 0 | F12: 0 | G12: 0 | H12: 0 | I12: 0 | J12: 1 | K12: =MODE(B12:I12) -> 0 | L12: =COUNTIF(B12:I12,"0") -> 7
A13: 110029 | B13: 1 | C13: 0 | D13: 0 | E13: 0 | F13: 0 | G13: 0 | H13: 0 | I13: 0 | J13: 1 | K13: =MODE(B13:I13) -> 0 | L13: =COUNTIF(B13:I13,"0") -> 7
A14: 110030 | B14: 1 | C14: 0 | D14: 0 | E14: 0 | F14: 0 | G14: 0 | H14: 0 | I14: 0 | J14: 1 | K14: =MODE(B14:I14) -> 0 | L14: =COUNTIF(B14:I14,"0") -> 7
A15: 110045 | B15: 0 | C15: 0 | D15: 0 | E15: 1 | F15: 0 | G15: 0 | H15: 0 | I15: 0 | J15: 1 | K15: =MODE(B15:I15) -> 0 | L15: =COUNTIF(B15:I15,"0") -> 7
A16: 110048 | B16: 2 | C16: 0 | D16: 0 | E16: 0 | F16: 0 | G16: 0 | H16: 0 | I16: 0 | J16: 2 | K16: =MODE(B16:I16) -> 0 | L16: =COUNTIF(B16:I16,"0") -> 7
... A380: 844503 | B380: 0 | C380: 0 | D380: 0 | E380: 0 | F380: 1 | G380: 0 | H380: 0 | I380: 0 | J380: 1 | K380: =MODE(B380:I380) -> 0 | L380: =COUNTIF(B380:I380,"0") -> 7

Sheet 2024
A1: Month_Name | B1: ship-postal-code | C1: Avearge Order Value | D1: Total Orders
A2: September | B2: 110006 | C2: 460 | D2: 1
A3: September | B3: 110085 | C3: 60 | D3: 1
A4: September | B4: 122018 | C4: 575 | D4: 1
A5: September | B5: 134109 | C5: 160 | D5: 1
A6: September | B6: 140301 | C6: 220 | D6: 1
A7: September | B7: 141421 | C7: 340 | D7: 1
A8: September | B8: 144001 | C8: 115 | D8: 1
A9: September | B9: 147001 | C9: 1500 | D9: 1
A10: September | B10: 176001 | C10: 3000 | D10: 1
A11: September | B11: 208008 | C11: 195 | D11: 1
A12: September | B12: 221004 | C12: 115 | D12: 1
A13: September | B13: 250002 | C13: 220 | D13: 1
... A461: August | B461: 831001 | C461: 220 | D461: 1
